{
  "project_info": {
    "project_number": "784641941648",
    "project_id": "xpensess",
    "storage_bucket": "xpensess.firebasestorage.app"
  },
  "client": [
    {
      "client_info": {
        "mobilesdk_app_id": "1:784641941648:android:0446d85e0ae1f46817f815",
        "android_client_info": {
          "package_name": "com.example.xpensess"
        }
      },
      "oauth_client": [],
      "api_key": [
        {
          "current_key": "AIzaSyAqpXV1p_uKiN3BTWR7jMeyRCouOWV1DP8"
        }
      ],
      "services": {
        "appinvite_service": {
          "other_platform_oauth_client": []
        }
      }
    }
  ],
  "configuration_version": "1"
}